id,name,sex,age,email,phone,registered
1,John Cena,Male,25,Jonhcena@gmail.com,0877654321,2022-01-01
2,Jane Doe,Female,30,janedoe@gmail.com,0987654321,2022-02-01
3,Alice Smith,Female,28,alicesmith@gmail.com,1122334455,2022-03-01
4,Bob Johnson,Male,35,bobjohnson@gmail.com,2233445566,2022-04-01
5,Charlie Brown,Male,40,charliebrown@gmail.com,3344556677,2022-05-01
6,David Wilson,Male,45,davidwilson@gmail.com,4455667788,2022-06-01
7,Eve Davis,Female,50,evedavis@gmail.com,5566778899,2022-07-01
8,Frank Miller,Male,55,frankmiller@gmail.com,6677889900,2022-08-01
9,Grace Lee,Female,60,gracelee@gmail.com,7788990011,2022-09-01
10,Hank Moore,Male,65,hankmoore@gmail.com,8899001122,2022-10-01
11,Ivy Taylor,Female,70,ivytaylor@gmail.com,9900112233,2022-11-01
12,Jack Anderson,Male,75,jackanderson@gmail.com,0011223344,2022-12-01
13,Karen Thomas,Female,80,karenthomas@gmail.com,1122334455,2023-01-01
14,Larry Jackson,Male,85,larryjackson@gmail.com,2233445566,2023-02-01
15,Mona White,Female,90,monawhite@gmail.com,3344556677,2023-03-01
16,Nina Harris,Female,95,ninaharris@gmail.com,4455667788,2023-04-01
17,Oscar Martin,Male,100,oscarmartin@gmail.com,5566778899,2023-05-01
18,Paul Clark,Male,105,paulclark@gmail.com,6677889900,2023-06-01
19,Quincy Lewis,Male,110,quincylewis@gmail.com,778899


